{
	"projectid": "1112205591_shiCiQQ",
	"setting": {
		"urlCheck": false,
		"es6": true,
		"postcss": false,
		"minified": true,
		"newFeature": true,
		"autoAudits": false,
		"nodeModules": true,
		"uploadWithSourceMap": true,
		"uglifyFileName": true,
		"remoteDebugLogEnable": false,
		"prefetch": false
	},
	"qqLibVersion": "1.58.2",
	"compileType": "miniprogram",
	"createTime": 1678442839633,
	"accessTime": 1678442839634,
	"packOptions": {
		"ignore": []
	},
	"debugOptions": {
		"hidedInDevtools": []
	},
	"qqappid": "1112205591",
	"projectname": "shiCiQQ",
	"scripts": {},
	"condition": {
		"search": {
			"current": -1,
			"list": []
		},
		"conversation": {
			"current": -1,
			"list": []
		},
		"game": {
			"currentL": -1,
			"list": []
		},
		"miniprogram": {
			"current": -1,
			"list": []
		}
	}
}