{
	"projectid": "1112197777_kcbQQ",
	"setting": {
		"urlCheck": false,
		"es6": true,
		"postcss": false,
		"minified": true,
		"newFeature": true,
		"autoAudits": false,
		"nodeModules": true,
		"uploadWithSourceMap": true,
		"uglifyFileName": true,
		"remoteDebugLogEnable": false,
		"prefetch": false
	},
	"qqLibVersion": "1.58.2",
	"compileType": "miniprogram",
	"createTime": 1678611050569,
	"accessTime": 1678611050569,
	"packOptions": {
		"ignore": []
	},
	"debugOptions": {
		"hidedInDevtools": []
	},
	"qqappid": "1112197777",
	"projectname": "kcbQQ",
	"scripts": {},
	"condition": {
		"search": {
			"current": -1,
			"list": []
		},
		"conversation": {
			"current": -1,
			"list": []
		},
		"game": {
			"currentL": -1,
			"list": []
		},
		"miniprogram": {
			"current": -1,
			"list": []
		}
	}
}