{
    "setting": {
        "compileHotReLoad": false
    },
    "condition": {
        "miniprogram": {
            "list": [
                {
                    "name": "weacher",
                    "pathName": "pages/weather/weather",
                    "query": "",
                    "scene": null
                },
                {
                    "name": "height",
                    "pathName": "pages/height/height",
                    "query": "",
                    "launchMode": "default",
                    "scene": null
                },
                {
                    "name": "kcb",
                    "pathName": "pages/kcb/kcb",
                    "query": "",
                    "launchMode": "default",
                    "scene": null
                }
            ]
        }
    },
    "description": "项目私有配置文件。此文件中的内容将覆盖 project.config.json 中的相同字段。项目的改动优先同步到此文件中。详见文档：https://developers.weixin.qq.com/miniprogram/dev/devtools/projectconfig.html",
    "projectname": "kcb"
}