{
    "description": "项目配置文件",
    "setting": {
        "urlCheck": true,
        "scopeDataCheck": false,
        "coverView": true,
        "es6": false,
        "postcss": true,
        "compileHotReLoad": false,
        "lazyloadPlaceholderEnable": false,
        "preloadBackgroundData": false,
        "minified": true,
        "autoAudits": false,
        "newFeature": false,
        "uglifyFileName": false,
        "uploadWithSourceMap": true,
        "useIsolateContext": false,
        "nodeModules": false,
        "enhance": true,
        "useMultiFrameRuntime": true,
        "showShadowRootInWxmlPanel": true,
        "packNpmManually": false,
        "packNpmRelationList": [],
        "minifyWXSS": true,
        "disableUseStrict": false,
        "ignoreUploadUnusedFiles": true,
        "minifyWXML": true,
        "babelSetting": {
            "ignore": [],
            "disablePlugins": [],
            "outputPath": ""
        }
    },
    "compileType": "miniprogram",
    "editorSetting": {
        "tabIndent": "insertSpaces",
        "tabSize": 4
    },
    "condition": {
        "search": {
            "list": []
        },
        "conversation": {
            "list": []
        },
        "game": {
            "list": []
        },
        "plugin": {
            "list": []
        },
        "gamePlugin": {
            "list": []
        },
        "miniprogram": {
            "list": []
        }
    },
    "libVersion": "2.19.0",
    "packOptions": {
        "ignore": [],
        "include": []
    },
    "appid": "wx2dd33df71436fcad"
}